T41,R,P1,leisure,/ˈliːʒər/ - noun,"Free time available for ease, relaxation, or activities outside of work.",اوقات فراغت,"In many respects, such as education, occupation, and leisure activities, their life is similar.","اوقات فراغت
leisure
---
leisure
noun
فراغت, فرصت, مجال, تن اسایی, اسودگی, وقت کافی

فراغت: leisure, leisure time, relief, rest, obviation, rescue 6
فرصت: opportunity, chance, time, occasion, opening, leisure 0
مجال: opportunity, chance, leisure, excellent opportunity, lucky chance 0
تن اسایی: indolence, leisure, lounge, self-complacency 0
اسودگی: relief, tranquility, convenience, comfort, ease, leisure 0
وقت کافی: leisure 0
_______________________
فراغت، وقت آزادتن آسایی، آسودگی، فرصت، مجال، وقت کافی،بازرگانی:فراغت",[sound:TPO41/leisure.mp3]
T41,R,P1,social fabric,/ˈsoʊʃəl ˈfæbrɪk/ - noun,"The interconnected system of relationships, values, and norms that make up society.",ساختار اجتماعی,Their life contributes to the diverse social fabric of North American culture.,"بافت اجتماعی
social fabric
---
",[sound:TPO41/social_fabric.mp3]
T41,R,P1,retained,/rɪˈteɪnd/ - verb,To keep or maintain possession of something.,حفظ شده,They have retained some traditional cultural practices.,"حفظ شد
retained
---
retain
verb
نگه داشتن, حفظ کردن, نگاه داشتن, از دست ندادن, ابقا کردن

نگه داشتن: hold, maintain, retain, sustain, impound, preserve 0
حفظ کردن: memorize, retain, preserve, keep, maintain, protect 0
نگاه داشتن: keep, hold, retain, save, withhold, preserve 0
از دست ندادن: retain 0
ابقا کردن: maintain, retain 0
_______________________
",[sound:TPO41/retained.mp3]
T41,R,P1,ritual,/ˈrɪtʃuəl/ - noun,A religious or solemn ceremony consisting of a series of actions performed according to a prescribed order.,آیین,The most important traditional Navajo rituals include the production of large floor paintings.,"مراسم
ritual
---
ritual
noun
تشریفات, تشریفات مذهبی, ایین پرستش

تشریفات: formality, protocol, ritual, ceremonial, ceremony, service 0
تشریفات مذهبی: ritual, rite 0
ایین پرستش: ritual 0
_______________________
مناسکتشریفات مذهبی، آیین پرستش، تشریفات،قانون فقه:عبادی",[sound:TPO41/ritual.mp3]
T41,R,P1,pouring,/ˈpɔːrɪŋ/ - verb,To cause (a liquid or fine substance) to flow rapidly in a steady stream.,ریختن,Made by pouring thin streams of colored sands.,"ریختن
pouring
---
pour
verb
ریختن, جاری شدن, پاشیدن, روان ساختن, افشاندن, باریدن

ریختن: shed, pour, infuse, cast, splash, decant 14
جاری شدن: gush, trill, pour, rill, stream, emanate 0
پاشیدن: spray, sprinkle, pour, infuse, sparge, strew 0
روان ساختن: pour 0
افشاندن: spray, scatter, exude, besprinkle, bestrew, diffuse 0
باریدن: rain, shower, pour 0
_______________________
شدیدا بارانی",[sound:TPO41/pouring.mp3]
T41,R,P1,thin,/θɪn/ - adjective,Having little thickness or depth.,نازک,"Pouring thin, finely controlled streams of colored sands.","نازک
thin
---
thin
adjective
نازک, باریک, لاغر, رقیق, سبک, تنک, نحیف, کم پشت, نزار, کم چربی, رقیق و آبکی, کم جمعیت, بطور رقیق, نازکشدن

نازک: thin, fine, slim, tender, soft, tenuous 58
باریک: thin, narrow, slender, tenuous, capillary, linear 4
لاغر: lean, skinny, thin, slim, emaciated, gaunt 1
رقیق: thin, watery, attenuate, rare, ethereal, lenis 0
سبک: light, easy, thin, volatile, frivolous, gossamer 0
تنک: sparse, thin, tender 0
نحیف: frail, haggard, skimpy, thin, lank, gaunt 0
کم پشت: sparse, thin 0
نزار: meager, thin, cachectic, heartsick, lean, peaked 0
کم چربی: thin 0
رقیق و آبکی: thin 0
کم جمعیت: thin 0
بطور رقیق: thin 0
نازکشدن: thin 0
_______________________
thin
verb
رقیق کردن, نازک کردن, لاغر کردن, کم کردن, کم پشت کردن

رقیق کردن: dilute, thin, attenuate, extenuate, rarefy, rarify 0
نازک کردن: thin, attenuate, extenuate 0
لاغر کردن: macerate, atrophy, attenuate, emaciate, slenderize, thin 0
کم کردن: reduce, alleviate, diminish, subtract, cut, thin 0
کم پشت کردن: thin 0
_______________________
نازک، باریکتیم متوسط، نزار، کم چربی، کم مایه، سبک، رقیق و آبکی، کم جمعیت، بطور رقیق، نازک کردن، کم کردن، رقیق کردن، لاغر کردن، نازک شدن، کم پشت کردن،علوم مهندسی:رقیق کردن",[sound:TPO41/thin.mp3]
T41,R,P1,pulverized,/ˈpʌlvəˌraɪzd/ - verb,Reduced to fine particles.,پودر شده,The sands or pulverized vegetable and mineral substances are used in rituals.,"پودر شده
pulverized
---
pulverized
adjective
ساییده

ساییده: worn, pulverized, triturated, levigated 60
_______________________
pulverize:سائیدن، ساییدن، نرم کردن، پودر کردن، نرم کوبیدن،علوم مهندسی:صلایه کردن",[sound:TPO41/pulverized.mp3]
T41,R,P1,pollen,/ˈpɑːlən/ - noun,A fine powder produced by flowers that helps plants reproduce.,گرده,"The sand paintings are made with pulverized vegetable and mineral substances, pollen, and flowers.","گرده
pollen
---
pollen
noun
گرده, دانه گرده, گرده افشانی کردن

گرده: pollen, disk, kidney, loin, haunch, disc 58
دانه گرده: pollen 21
گرده افشانی کردن: pollen 0
_______________________
گرده گیاهانگرده، گرده افشانی کردن، دانه گرده",[sound:TPO41/pollen.mp3]
T41,R,P1,outward,/ˈaʊtwərd/ - adverb,Directed toward the outside.,به سمت خارج,Working from the inside of the design outward.,"بیرونی
outward
---
outward
adjective
ظاهر, ظاهری, بیرونی

ظاهر: apparent, outward, external, exterior, outside, manifest 20
ظاهری: outward, external, superficial, seeming, exterior, outside 6
بیرونی: external, out, outer, exterior, outward, extrinsic 4
_______________________
outward
noun
ظاهر, ظواهر, عین

ظاهر: appearance, outward, look, exterior, form, figure 20
ظواهر: appearance, outward, exterior 0
عین: essence, eye, original, source, fountain, outward 0
_______________________
outward
adverb
بطرف خارج

بطرف خارج: outwards, outward, without 0
_______________________
خارجی،(outwards)بطرف خارج، بیرونی، ظاهری،معماری:بیرونی",[sound:TPO41/outward.mp3]
T41,R,P1,chant,/tʃænt/ - noun,"A repeated rhythmic phrase, typically one shouted or sung.",سرود,The paintings and chants used in the ceremonies are directed by well-trained artists.,"شعار دادن
chant
---
chant
noun
سرود, مناجات, اهنگ ساده و کشیده, سرایش

سرود: song, anthem, hymn, singing, sing, chant 13
مناجات: litany, chant, hymn, psalm 11
اهنگ ساده و کشیده: chant 0
سرایش: singing, solmization, chant 0
_______________________
chant
verb
سرود یا اهنگ خواندن

سرود یا اهنگ خواندن: chant 0
_______________________
اهنگ ساده و کشیده، مناجات، سرود یا اهنگ خواندن",[sound:TPO41/chant.mp3]
T41,R,P1,enlist,/ɪnˈlɪst/ - verb,To engage someone's help or support in an activity.,ثبت نام کردن,Artists enlist the aid of spirits impersonated by masked performers.,"نام نویسی کردن
enlist
---
enlist
verb
کمک طلب کردن از, نام نویسی کردن, برای سربازی گرفتن, در فهرست نوشتن, سرباز کردن

کمک طلب کردن از: enlist 1
نام نویسی کردن: enlist, matriculate, enroll, enter 0
برای سربازی گرفتن: enlist 0
در فهرست نوشتن: enlist, table 0
سرباز کردن: conscript, enlist, enroll, maturate 0
_______________________
به ارتش ملحق شدناسم نویسی کردن، برای سربازی گرفتن، نام نویسی کردن، کمک طلب کردن از، درفهرست نوشتن،علوم نظامی:سربازگیری کردن، سربازگیری",[sound:TPO41/enlist.mp3]
T41,R,P1,aid of spirits,/eɪd əv spɪrɪts/ - noun phrase,Help or assistance from supernatural beings in spiritual contexts.,کمک ارواح,Enlist the aid of spirits impersonated by performers.,"کمک ارواح
aid of spirits
---
",[sound:TPO41/aid_of_spirits.mp3]
T41,R,P1,impersonated,/ɪmˈpɜrsəˌneɪtɪd/ - verb,"Pretended to be another person or character, often for performance.",تقلبی,The spirits are impersonated by masked performers.,"جعل هویت
impersonated
---
impersonate
verb
جعل هویت کردن, خود رابجای دیگری جا زدن, نقش دیگری را بازی کردن

جعل هویت کردن: impersonate 0
خود رابجای دیگری جا زدن: impersonate 0
نقش دیگری را بازی کردن: impersonate 0
_______________________
جعل هویت کردن، خود رابجای دیگری جا زدن",[sound:TPO41/impersonated.mp3]
T41,R,P1,faithful,/ˈfeɪθfəl/ - adjective,Accurate or true to the original.,وفادار,The songs sung over the paintings are faithful renditions of songs from the past.,"وفادار
faithful
---
faithful
adjective
با ایمان, با وفا, پایدار

با ایمان: faithful, believing 0
با وفا: unfailing, trustable, loyal, faithful, fast 0
پایدار: stable, permanent, firm, constant, abiding, faithful 0
_______________________
با وفا، باایمان",[sound:TPO41/faithful.mp3]
T41,R,P1,renditions,/rɛnˈdɪʃənz/ - noun,An interpretation or performance of a piece of art or music.,اجرا,Faithful renditions of songs from the past.,"ترجمه ها
renditions
---
rendition
noun
تفسیر, تحویل, باز گردانی, ترجمه, تسلیم

تفسیر: interpretation, commentary, exegesis, comment, explanation, rendition 27
تحویل: delivery, transfer, rendition, prehension, solstice, transference 1
باز گردانی: rendition, repercussion, repeal, restitution 1
ترجمه: translation, version, interpretation, rendition 1
تسلیم: submission, surrender, delivery, capitulation, resignation, rendition 0
_______________________
تسلیم، بازگردانی، پرداخت، تحویل، ترجمه، تفسیر،قانون فقه:ترجمه",[sound:TPO41/renditions.mp3]
T41,R,P1,inhospitable,/ɪnˈhɑspɪtəbl/ - adjective,Harsh and difficult to live in.,ناسازگار,"The Navajo faced inhospitable climates, neighbors, and rulers.","غیر مهمان نواز
inhospitable
---
inhospitable
adjective
نامهربان, مهمان ننواز, غریب ننواز

نامهربان: inhospitable, unkind, unmerciful 100
مهمان ننواز: inhospitable 0
غریب ننواز: inhospitable 0
_______________________
نامهربانمهمان ننواز، غریب ننواز",[sound:TPO41/inhospitable.mp3]
T41,R,P1,recounting,/rɪˈkaʊntɪŋ/ - verb,Retelling or narrating the details of an event.,بازگویی,"Not just through the recounting of the actions symbolized, but through the beauty of the artwork.","بازگو کردن
recounting
---
re-count
verb
باز گفتن, برشمردن, تعریف کردن, یکایک گفتن

باز گفتن: restate, repeat, unreel, re-count
برشمردن: enumerate, re-count
تعریف کردن: define, tell, describe, praise, emblazon, unreel
یکایک گفتن: re-count
_______________________
",[sound:TPO41/recounting.mp3]
T41,R,P1,woven,/ˈwoʊvən/ - adjective,Made by interlacing threads or strips of material.,بافته شده,The Navajo are world-famous for their woven blankets.,"بافته شده
woven
---
weave
verb
بافتن, درست کردن

بافتن: weave, braid, knit, entwine, entwist 15
درست کردن: fix, make, right, devise, trim, make up 0
_______________________
زمان سوم فعلweave",[sound:TPO41/woven.mp3]
T41,R,P1,blanket,/ˈblæŋkɪt/ - noun,"A large piece of cloth used as a covering, especially for warmth.",پتو,Their woven blankets are famous worldwide.,"پتو
blanket
---
blanket
noun
پتو, روکش, جل

پتو: blanket, wrap 69
روکش: coating, coating, veneer, facing, coat, blanket 2
جل: blanket 0
_______________________
blanket
verb
پوشاندن, با پتو و یا جل پوشاندن

پوشاندن: cover, mask, conceal, coat, veil, blanket 0
با پتو و یا جل پوشاندن: blanket 0
_______________________
پتوروکش، باپتو و یا جل پوشاندن، پوشاندن،عمران:روکش،معماری:روکش،علوم هوایی:لایه ای از عایق حرارتی برای حفاظت یک جزء یا قطعه معین،علوم نظامی:پرده دود یا مه ابر",[sound:TPO41/blanket.mp3]
T41,R,P1,shearing,/ʃɪrɪŋ/ - noun,The act of cutting the wool off sheep.,پشم‌چینی,Navajo women control the shearing of the sheep.,"برش زدن
shearing
---
shear
verb
قیچی کردن, بریدن, شکاف دادن, چیدن پشم گوسفند و غیره

قیچی کردن: snip, share, shear 0
بریدن: cut, slice, sliver, carve, cut off, chop 0
شکاف دادن: chap, incise, shear, slash 0
چیدن پشم گوسفند و غیره: shear 0
_______________________
برش،معماری:برینش",[sound:TPO41/shearing.mp3]
T41,R,P1,sheep,/ʃiːp/ - noun,A domesticated ruminant animal with a thick woolly coat.,گوسفند,"Shearing of the sheep, spinning, and dying of the thread are all controlled by Navajo women.","گوسفند
sheep
---
sheep
noun
گوسفند, چرم گوسفند, ادم ساده و مطیع

گوسفند: sheep, mutton 67
چرم گوسفند: sheep 1
ادم ساده و مطیع: sheep 0
_______________________
گوسفندچرم گوسفند، آدم ساده و مطیع،قانون فقه:غنم",[sound:TPO41/sheep.mp3]
T41,R,P1,dying,/daɪɪŋ/ - noun,The process of coloring materials.,رنگرزی,The spinning and dying of the thread are done by the women.,"در حال مرگ
dying
---
dying
noun
مرگ, فوت, خمود

مرگ: death, dying, loss, passing, decease, departure 26
فوت: death, foot, blow, dying, decease, passing away 0
خمود: pacification, assuagement, blackout, decrement, dying, extinction 0
_______________________
dying
adjective
مردنی, در حال نزع

مردنی: dying, mortal 0
در حال نزع: moribund, dying 0
_______________________
در حال مرگمردنی، درحال نزع، مردن، مرگ،قانون فقه:مرگ",[sound:TPO41/dying.mp3]
T41,R,P1,looms,/luːmz/ - noun,A device for weaving threads into cloth.,دستگاه بافندگی,"Working on their looms, the weavers create harmony with nature.","بافندگی
looms
---
loom
noun
نساجی, دستگاه بافندگی, کارگاه بافندگی, جلوهگری از دور, جولایی

نساجی: loom 11
دستگاه بافندگی: loom 5
کارگاه بافندگی: loom 4
جلوهگری از دور: loom 0
جولایی: loom 0
_______________________
loom
verb
بزرگ جلوه کردن, ازدور نمودار شدن, پدیدارازخلال ابرها, از خلال ابر یا مه پدیدار شدن

بزرگ جلوه کردن: loom 0
ازدور نمودار شدن: loom 0
پدیدارازخلال ابرها: loom 0
از خلال ابر یا مه پدیدار شدن: loom 0
_______________________
",[sound:TPO41/looms.mp3]
T41,R,P1,recruit,/rɪˈkrut/ - verb,To enlist someone in an organization or activity.,جذب کردن,They recruit the aid of spirits in the ceremonies.,"استخدام کردن
recruit
---
recruit
verb
نو اموز استخدام کردن, نیروی تازه گرفتن

نو اموز استخدام کردن: recruit 0
نیروی تازه گرفتن: recruit 0
_______________________
recruit
noun
تازه سرباز, کارمند تازه

تازه سرباز: recruit 0
کارمند تازه: recruit 0
_______________________
استخدام کردن، جذب کردن نیروی کارسرباز یا دانش آموز جدید، استخدام کردن، استخدام، تازه سرباز، کارمند تازه، نوآموز استخدام کردن، نیروی تازه گرفتن،علوم نظامی:سربازگیری کردن",[sound:TPO41/recruit.mp3]
T41,R,P1,faithful (again),/ˈfeɪθfəl/ - adjective,Accurate or true to the original.,وفادار,The songs are faithful renditions of past versions.,"وفادار (دوباره)
faithful (again)
---
",[sound:TPO41/faithful_again.mp3]
T41,R,P1,accurate,/ˈækjərət/ - adjective,Correct in all details.,دقیق,They make accurate copies of paintings from the past.,"دقیق
accurate
---
accurate
adjective
دقیق, صحیح, درست

دقیق: precise, accurate, exact, detailed, careful, stringent 49
صحیح: correct, right, accurate, true, good, valid 2
درست: right, correct, true, just, accurate, authentic 1
_______________________
دقیق، صحیح، درست،علوم مهندسی:درست",[sound:TPO41/accurate.mp3]
T41,R,P1,oversee,/ˌoʊvərˈsiː/ - verb,To supervise or manage.,نظارت کردن,Professor Garfield is willing to oversee the student’s project.,"نظارت کند
oversee
---
oversee
verb
مباشرت کردن بر

مباشرت کردن بر: oversee 0
_______________________
نظارت کردنسرکشی کردن، مباشرت کردن، سرپرستی کردن",[sound:TPO41/oversee.mp3]
T41,R,P1,imitate,/ˈɪmɪˌteɪt/ - verb,To copy or mimic.,تقلید کردن,Navajo women imitate transformations that originally created the world.,"تقلید کنید
imitate
---
imitate
verb
تقلید کردن, کپیه کردن

تقلید کردن: imitate, mimic, emulate, assume, pattern, simulate 0
کپیه کردن: calk, copy, imitate 0
_______________________
تقلید کردنادای کسی را در آوردن، پیروی کردن، کپیه کردن",[sound:TPO41/imitate.mp3]
T41,R,P1,impersonated (again),/ɪmˈpɜrsəˌneɪtɪd/ - verb,Pretended to be another person or character.,تقلبی,The spirits are impersonated by masked performers.,"جعل هویت (دوباره)
impersonated (again)
---
جعل هویت کردن، خود رابجای دیگری جا زدن",[sound:TPO41/impersonated_again.mp3]
T41,R,P2,spew,/spjuː/ - verb,"To expel large quantities of something quickly and forcefully, typically gases or liquid.",فوران کردن,The original atmospheres of both Venus and Earth were derived from gases spewed forth by volcanoes.,"فوران کردن
spew
---
spew
verb
با فشار خارج کردن, قی کردن, فوران کردن, بخارج ریختن

با فشار خارج کردن: spew 5
قی کردن: regurgitate, spew, vomit, cat, eructate, retch 1
فوران کردن: bubble, effuse, erupt, irrupt, spout, spew 1
بخارج ریختن: spew 1
_______________________
قی کردن، فوران کردن (مواد اتشفشانی)، با فشار خارج کردن، بخارج ریختن",[sound:TPO41/spew.mp3]
T41,R,P2,emanate,/ˈɛmɪneɪt/ - verb,To come out from a source.,ساطع شدن,"The gases that emanate from present-day volcanoes on Earth include water vapor, carbon dioxide.","سرچشمه می گیرد
emanate
---
emanate
verb
بیرون آمدن, جاری شدن, سرچشمه گرفتن, تجلی کردن

بیرون آمدن: emerge, exude, pull out, emanate, extrude, issue 3
جاری شدن: gush, trill, pour, rill, stream, emanate 0
سرچشمه گرفتن: originate, emanate 0
تجلی کردن: emanate, reincarnate, transfigure 0
_______________________
ساطع شدن، ناشی شدن، سرچشمه گرفتن، بیرون امدن، جاری شدن، تجلی کردن،روانشناسی:صادر شدن",[sound:TPO41/emanate.mp3]
T41,R,P2,predominantly,/prɪˈdɑːmɪnəntli/ - adverb,Mainly; for the most part.,عمدتا,"These gases are predominantly water vapor, carbon dioxide, and sulfur dioxide.","عمدتا
predominantly
---
بیشتر، عمدتا، به طور برجسته",[sound:TPO41/predominantly.mp3]
T41,R,P2,luminous,/ˈluːmɪnəs/ - adjective,"Emitting or reflecting light, often used to describe something bright or glowing.",درخشان,The early Sun was only about 70 percent as luminous as it is now.,"نورانی
luminous
---
luminous
adjective
درخشان, نورانی, شب نما, فروزان, روشنی بخش, تابان, متشعشع

درخشان: bright, shining, luminous, shiny, stellar, beaming 43
نورانی: luminous, luciferous, luculent 14
شب نما: luminous 0
فروزان: bright, luminous, ablaze, conflagrant 0
روشنی بخش: luminous 0
تابان: bright, shining, brilliant, light, incandescent, luminous 0
متشعشع: radiate, asteriated, luminous, radiant, radiative, refulgent 0
_______________________
روشن، فروزنده، درخشان، فروزان، روشنی بخش، نورانی، تابان، شب نما،علوم مهندسی:شب نما واضح،علوم هوایی:تابناک",[sound:TPO41/luminous.mp3]
T41,R,P2,liquefy,/ˈlɪkwəˌfaɪ/ - verb,To make or become liquid.,مایع شدن,Water vapor would have been able to liquefy and form oceans on Venus.,"مایع کردن
liquefy
---
liquefy
verb
ابگون کردن, گداختن, تبدیل به مایع کردن

ابگون کردن: liquify, liquefy 1
گداختن: smelt, fuse, liquify, melt, dissolve, liquefy 1
تبدیل به مایع کردن: liquify, fluidize, liquefy 1
_______________________
(liquify)ابگون کردن، گداختن، تبدیل به مایع کردن",[sound:TPO41/liquefy.mp3]
T41,R,P2,oppressive,/əˈprɛsɪv/ - adjective,"Harsh or severe, causing discomfort or distress.",طاقت فرسا,"Our planet would soon develop a thick, oppressive carbon dioxide atmosphere like that of Venus.","ظالم
oppressive
---
oppressive
adjective
ظالم, ستمگر, ستم پیشه, ستمکار, ناراحت کننده, غم افزا, متعدی

ظالم: ruthless, unjust, oppressive, cruel, wroth, remorseless 4
ستمگر: oppressive, unjust, cruel, tyrannous, pitiless, atrocious 4
ستم پیشه: oppressive 2
ستمکار: unjust, cruel, oppressive 0
ناراحت کننده: painful, oppressive 0
غم افزا: bleak, oppressive, depressive, gloomy 0
متعدی: transitive, transitive, depressive, oppressive 0
_______________________
ستم پیشه، خورد کننده، ناراحت کننده، غم افزا",[sound:TPO41/oppressive.mp3]
T41,R,P2,bake out,/beɪk aʊt/ - phrasal verb,To release gases or substances through heating.,بخار شدن,"If Earth became as hot as Venus, carbon dioxide would be baked out of the oceans and crust.","پختن
bake out
---
",[sound:TPO41/bake_out.mp3]
T41,R,P2,liberated,/ˈlɪbəˌreɪtɪd/ - verb,"Set free, particularly from confinement or control.",آزاد شده,This liberated carbon dioxide formed the thick atmosphere of present-day Venus.,"آزاد شد
liberated
---
liberate
verb
رها کردن, ازاد کردن, تجزیه کردن

رها کردن: drop, abandon, unleash, release, liberate, leave 0
ازاد کردن: release, franchise, free, assert, assoil, deliver 0
تجزیه کردن: decompose, break down, parse, analyze, dismember, abstract 0
_______________________
ازاد شده،علوم نظامی:مناطق ازاد شده از اشغال دشمن",[sound:TPO41/liberated.mp3]
T41,R,P3,bartering,/ˈbɑːrtərɪŋ/ - noun,The action or system of exchanging goods or services without using money.,مبادله,Bartering was a basic trade mechanism for many thousands of years.,"مبادله
bartering
---
barter
verb
تهاتر کردن, پایاپای معامله کردن

تهاتر کردن: barter 0
پایاپای معامله کردن: barter 0
_______________________
",[sound:TPO41/bartering.mp3]
T41,R,P3,sporadic,/spəˈrædɪk/ - adjective,Occurring irregularly or at scattered intervals.,پراکنده,Bartering was often sporadic and usually based on notions of reciprocity.,"پراکنده
sporadic
---
sporadic
adjective
پراکنده, انفرادی, تک و توک, متناوب, تک تک

پراکنده: sporadic, diffused, outspread, straggly, far-flung 25
انفرادی: single, sporadic 2
تک و توک: sporadic, single 0
متناوب: intermittent, alternative, alternating, periodic, alternate, sporadic 0
تک تک: sporadic 0
_______________________
تک وتوک، تک تک، پراکنده، انفرادی، گاه وبیگاه، گاه بگاه،بازرگانی:دوره ای",[sound:TPO41/sporadic.mp3]
T41,R,P3,notion,/ˈnoʊʃən/ - noun,A belief or idea about something.,تصور,"Bartering was based on notions of reciprocity, involving mutual exchange of commodities.","مفهوم
notion
---
notion
noun
مفهوم, تصور, نظریه, اندیشه, عقیده, پندار, فکر, ادراک, خیال, خاطره, خاطر

مفهوم: concept, sense, notion, meaning, implication, significance 44
تصور: imagination, idea, conception, notion, image, vision 5
نظریه: theory, opinion, notion, view, viewpoint, outlook 1
اندیشه: thought, idea, notion, reflection, opinion, mentality 1
عقیده: opinion, belief, view, notion, thought, say 0
پندار: opinion, notion, thought, supposition 0
فکر: thought, idea, opinion, notion, concept, intention 0
ادراک: perception, understanding, savvy, conception, cognition, notion 0
خیال: imagination, phantom, illusion, thought, fiction, notion 0
خاطره: memory, recollection, reminiscence, memoir, impression, notion 0
خاطر: mind, memory, thought, remembrance, recollection, notion 0
_______________________
عقیده، اعتقادتصور، اندیشه، نظریه، خیال، ادراک، فکری، مفهوم،روانشناسی:فکر",[sound:TPO41/notion.mp3]
T41,R,P3,reciprocity,/ˌrɛsɪˈprɒsɪti/ - noun,Mutual exchange of privileges or goods between parties.,عمل متقابل,Bartering was usually based on notions of reciprocity.,"عمل متقابل
reciprocity
---
reciprocity
noun
عمل متقابل, معامله بمثل

عمل متقابل: reciprocity, rebuttal, reciprocation, retaliation, reciprocal action 5
معامله بمثل: reciprocity 0
_______________________
معامله بمثل، عمل متقابل،قانون فقه:مقابله به مثل، معامله به مثل،روانشناسی:تقابل،بازرگانی:مقابله به مثل",[sound:TPO41/reciprocity.mp3]
T41,R,P3,chiefdom,/ˈtʃiːfdəm/ - noun,A form of hierarchical political organization in non-industrial societies usually based on kinship.,رهبری,"Redistribution of goods lay in the hands of chiefs, a basic element in chiefdoms.","ریاست
chiefdom
---
",[sound:TPO41/chiefdom.mp3]
T41,R,P3,attributed,/əˈtrɪbjuːtɪd/ - verb,Regarded something as being caused by a particular source or person.,نسبت داده شده,Renfrew attributed the dramatic flowering of the Minoan civilization to intensified trading contacts.,"نسبت داده شده است
attributed
---
attribute
verb
نسبت دادن, حمل کردن

نسبت دادن: attribute, ascribe, impute, attach, credit 0
حمل کردن: carry, transport, bear, haul, portage, convey 0
_______________________
قانون فقه:منسوب",[sound:TPO41/attributed.mp3]
T41,R,P3,dramatic flowering,/drəˈmætɪk ˈflaʊərɪŋ/ - noun phrase,A significant period of development or flourishing.,شکوفایی چشمگیر,The dramatic flowering of the Minoan civilization is attributed to trade and agriculture.,"گلدهی چشمگیر
dramatic flowering
---
",[sound:TPO41/dramatic_flowering.mp3]
T41,R,P3,interdependence,/ˌɪntərdɪˈpɛndəns/ - noun,Mutual reliance between two or more groups.,وابستگی متقابل,A far-reaching economic interdependence resulted from intensified trade.,"وابستگی متقابل
interdependence
---
interdependence
noun
وابستگی, اتکاء متقابل

وابستگی: dependence, dependency, affiliation, attachment, association, interdependence 9
اتکاء متقابل: interdependence, interdependency 0
_______________________
همبستگی،(interdependency)اتکاء متقابل، وابستگی،بازرگانی:وابستگی متقابل",[sound:TPO41/interdependence.mp3]
T41,R,P3,piracy,/ˈpaɪrəsi/ - noun,The practice of attacking and robbing ships at sea.,دزدی دریایی,Interest in long-distance trade brought about some cultural homogeneity and perhaps even led to piracy.,"دزدی دریایی
piracy
---
piracy
noun
دزدی دریایی, دزدی هنري یاادبی

دزدی دریایی: piracy 26
دزدی هنري یاادبی: piracy 0
_______________________
راهزنی دریایی، هرعملی که کارگران یا سرنشینان کشتی علیه کشتی خود انجام دهند، استفاده غیر قانونی از تالیف دیگری برای تالیف کتاب یا رساله و غیره، چاپ کردن تالیف دیگری بدون اجازه تقلید غیر قانونی اثر دیگری، دزدی دریایی، دزدی هنری یاادبی،کامپیوتر:دزدی ادبی،قانون فقه:دزدی دریائی، privateer",[sound:TPO41/piracy.mp3]
T41,R,P3,palace,/ˈpæləs/ - noun,"A large, impressive residence, often of a ruler or leader.",کاخ,Palace economies emerged as the economic hubs of Minoan civilization.,"کاخ
palace
---
palace
noun
کاخ, کوشک

کاخ: palace 40
کوشک: palace, summerhouse, belvedere, grange 0
_______________________
کاخ، قصر",[sound:TPO41/palace.mp3]
T41,R,P3,explosion,/ɪkˈsploʊʒən/ - noun,A sudden and significant increase in activity or development.,انفجار,Rathje developed a hypothesis about the explosion of long-distance exchange in Mayan civilization.,"انفجار
explosion
---
explosion
noun
انفجار, هیاهو, بیرون ریزی, سر و صدا

انفجار: explosion, blast, burst, detonation, eruption, outburst 61
هیاهو: commotion, fanfare, explosion, ruckus, hubbub, hullabaloo 0
بیرون ریزی: outflow, explosion 0
سر و صدا: noise, smash, fuss, roar, rattle, explosion 0
_______________________
انفجاراحتراق، ترکش، بیرون ریزی، سر و صدا، هیاهو،علوم مهندسی:احتراق،عمران:انفجار،معماری:انفجار،بازرگانی:لیست اجزای بکاررفته در یک محصول،علوم نظامی:منفجر کردن، ترکیدن",[sound:TPO41/explosion.mp3]
T41,R,P3,deficient,/dɪˈfɪʃənt/ - adjective,Lacking in some necessary quality or element.,کمبود,The lowland Mayan environment was deficient in many vital resources.,"کمبود
deficient
---
deficient
adjective
دارای کمبود, ناکارا

دارای کمبود: deficient, defective 0
ناکارا: deficient 0
_______________________
دارای کمبود، ناکارا،روانشناسی:ناقص",[sound:TPO41/deficient.mp3]
T41,R,P3,grinding,/ˈɡraɪndɪŋ/ - verb,The process of reducing something to small particles or powder by crushing it.,آسیاب کردن,The Maya lacked stone for grinding maize.,"سنگ زنی
grinding
---
grinding
adjective
پر زحمت

پر زحمت: grinding, laborious, arduous, toilsome, effortful, ponderous 2
_______________________
تراشیدن سوپاپ، سمباده زدن،معماری:ساییدن،علوم نظامی:تراش فلز",[sound:TPO41/grinding.mp3]
T41,R,P3,maize,/meɪz/ - noun,"Another word for corn, a staple grain.",ذرت,Stone for grinding maize was one of the vital resources the Maya needed.,"ذرت
maize
---
maize
noun
ذرت, بلال

ذرت: corn, maize, Indian corn 92
بلال: maize, Indian corn 0
_______________________
ذرت، بلال، رنگ ذرتی",[sound:TPO41/maize.mp3]
T41,R,P3,expedition,/ˌɛkspɪˈdɪʃən/ - noun,"A journey undertaken for a specific purpose, typically exploration or trade.",سفر,Long-distance trade networks were organized through expeditions to maintain connections.,"اعزام
expedition
---
expedition
noun
سفر, اردوکشی, سرعت, تسریع, هيئت اعزامی

سفر: travel, trip, journey, tour, voyage, expedition 20
اردوکشی: expedition 0
سرعت: speed, velocity, rapidity, rate, pace, expedition 0
تسریع: acceleration, speed-up, precipitation, expedition 0
هيئت اعزامی: expedition 0
_______________________
سفر اکتشافی، سفر با هدف تعیین شده",[sound:TPO41/expedition.mp3]
T41,R,P3,pottery,/ˈpɑːtəri/ - noun,"Objects, typically pots, made from fired clay.",سفال,Pottery was one of the specialized items traded by the Maya.,"سفالگری
pottery
---
pottery
noun
سفالگری, کوزه گری, ظروف سفالین, کوزه گر خانه

سفالگری: pottery 11
کوزه گری: pottery 1
ظروف سفالین: pottery 0
کوزه گر خانه: pottery 0
_______________________
سفالگریکوزه گری، کوزه گر خانه، ظروف سفالین،علوم مهندسی:ظروف سفالی،معماری:سفالینه",[sound:TPO41/pottery.mp3]
T41,R,P3,overriding,/ˌoʊvərˈraɪdɪŋ/ - adjective,More important than anything else.,مهم‌ترین,"Trade was one of many variables, but no overriding cause of state formation.","فراگیر
overriding
---
overriding
adjective
برجسته, مهم, برتر

برجسته: outstanding, prominent, leading, distinguished, eminent, overriding 11
مهم: important, significant, main, great, serious, overriding 10
برتر: superior, better, premier, preferable, higher, overriding 1
_______________________
برجسته، مهم، برتر",[sound:TPO41/overriding.mp3]
T41,R,P3,logistics,/ləˈdʒɪstɪks/ - noun,"The detailed coordination of complex operations, particularly related to the transportation of goods.",تدارکات,Logistics of transportation affected ancient trade networks.,"تدارکات
logistics
---
logistics
noun
امایش, منطق نمادی, امادها, مبحی تدارکات لشکر کشی

امایش: logistics, preparation 0
منطق نمادی: symbolic logic, logistics 0
امادها: logistics 0
مبحی تدارکات لشکر کشی: logistics 0
_______________________
لجستیک، تدارک کردن، امایش، امادها، (نظ). مبحث تدارکات لشکر کشی، شعبه ای از فنون نظامی که درباره فن لشکرکشی و وسائط نقلیه وتهیه اردوگاه واذوقه ومهمات لازمه درطی لشکر کشی بحث میکند،بازرگانی:اقدامات مربوط به تهیه و توزیع،علوم نظامی:عمل تدارک یکانها",[sound:TPO41/logistics.mp3]
T41,R,P3,intricate,/ˈɪntrɪkət/ - adjective,Very complicated or detailed.,پیچیده,Intricate market networks channeled supplies along well-defined routes.,"پیچیده
intricate
---
intricate
adjective
پیچیده, بغرنج, درهم و برهم, مرکب

پیچیده: complex, intricate, wrapped, twisted, involved, rolled 45
بغرنج: complex, complicated, intricate, involved, involute, obscurant 1
درهم و برهم: sloppy, untidy, unorganized, desultory, turbid, intricate 0
مرکب: compound, composite, composed, multiplex, mazy, intricate 0
_______________________
intricate
verb
پیچاندن

پیچاندن: contort, twist, wrest, turn, bolt, intricate 0
_______________________
بغرنج، پیچیده",[sound:TPO41/intricate.mp3]
T41,R,P3,incentive,/ɪnˈsɛntɪv/ - noun,Something that motivates or encourages someone to take action.,انگیزه,Regulation of profits provided the incentive for further transactions.,"مشوق
incentive
---
incentive
noun
انگیزه

انگیزه: motivation, stimulant, motive, incentive, impetus, stimulus 21
_______________________
incentive
adjective
مشوق, اتش افروز

مشوق: incentive, encouraging, challenging, exhorting, impellent 3
اتش افروز: incendiary, incentive, inflammatory, tindery 0
_______________________
مشوقمحرک، انگیزه، فتنه انگیز، آتش افروز، موجب، مشوق،قانون فقه:باعث،روانشناسی:مشوق،بازرگانی:پاداش، مشوق،علوم نظامی:انگیزه",[sound:TPO41/incentive.mp3]
T41,L,C1,salt marsh restoration,/sɔːlt mɑːrʃ ˌrɛstəˈreɪʃən/ - noun phrase,The process of returning a salt marsh to its original condition after it has been damaged.,بازسازی مرداب نمکی,The professor has been doing research on salt marsh restoration.,"احیای مرداب نمکی
salt marsh restoration
---
باتلاق نمکزار، نمکزار",[sound:TPO41/salt_marsh_restoration.mp3]
T41,L,C1,field station,/fiːld ˈsteɪʃən/ - noun,"A research facility located in the natural environment, used for scientific studies.",ایستگاه میدانی,Your name is first on the waiting list for the summer term at the field station next year.,"ایستگاه صحرایی
field station
---
",[sound:TPO41/field_station.mp3]
T41,L,C1,pass up,/pæs ʌp/ - phrasal verb,To decline or refuse an opportunity.,از دست دادن,This is too good an opportunity to pass up.,"عبور کردن
pass up
---
pass up
verb
صرف نظر کردن, رد کردن

صرف نظر کردن: pass up, betake, withdraw, call off, forbear, forget 12
رد کردن: reject, throw down, refuse, deny, decline, pass up 0
_______________________
(امر -.ز.ع). رد کردن، صرفنظر کردن",[sound:TPO41/pass_up.mp3]
T41,L,C1,culverts,/ˈkʌlvərts/ - noun,Structures that allow water to flow under roads or railways.,آبگذر,Bridges and culverts are often too small to allow enough tidal water into marshes.,"پلک ها
culverts
---
culvert
noun
مجرای اب زیر جاده, نهر سرپوشیده, اب گذر, لوله مخصوص کابل برق زیر زمینی

مجرای اب زیر جاده: culvert 5
نهر سرپوشیده: culvert 1
اب گذر: culvert, conduit, dike, drain, drainpipe, dyke 0
لوله مخصوص کابل برق زیر زمینی: culvert 0
_______________________
",[sound:TPO41/culverts.mp3]
T41,L,C1,permission,/pərˈmɪʃən/ - noun,The consent or authorization to do something.,اجازه,The professor talks about projects the student has permission to work on next summer.,"اجازه
permission
---
permission
noun
اجازه, اذن, پروانه, رخصت, دستور, مرخصی, ترخیص

اجازه: permission, permit, authorization, leave, authority, license 51
اذن: permission, leave 0
پروانه: license, permit, butterfly, propeller, moth, permission 0
رخصت: leave, permission, approval, fiat, clearance 0
دستور: order, rule, behest, injunction, direction, permission 0
مرخصی: leave, vacation, vacations, permission, dismissal 0
ترخیص: clearance, release, permission 0
_______________________
اجازهمجوز، اذن، رخصت، دستور، پروانه، مرخصی،قانون فقه:مجوز، اجازه،بازرگانی:اجازه،علوم نظامی:مجوز",[sound:TPO41/permission.mp3]
T41,L,L1,seep,/siːp/ - verb,To flow or pass slowly through small openings.,نفوذ کردن,The rain doesn't seep too far down into the soil.,"تراوش کردن
seep
---
seep
noun
چکه, رسوخ, تراوش طبیعی

چکه: drip, leak, trickle, seep, drop, sprinkle 27
رسوخ: seepage, sink, seep, ooze, transfusion, transudation 0
تراوش طبیعی: seep 0
_______________________
seep
verb
چکه کردن, چکاندن, تراوش کردن

چکه کردن: seep, drip, plash 15
چکاندن: seep, distil, distill, instill, instil 5
تراوش کردن: bilge, ooze, exude, infiltrate, leak, seep 0
_______________________
تراوش طبیعی، رسوخ، تراوش کردن، از میان سوراخهای ریز نفوذ کردن، چکه کردن،علوم مهندسی:تراوش،زیست شناسی:نشت",[sound:TPO41/seep.mp3]
T41,L,L1,succulent,/ˈsʌkjʊlənt/ - adjective,A type of plant that stores water in its leaves or stems to survive in dry conditions.,آبدار,Succulent plants have shallow roots that absorb water quickly.,"آبدار
succulent
---
succulent
adjective
شاداب, پرطراوت, ابدار

شاداب: succulent, juicy, lush, floriferous 41
پرطراوت: succulent 0
ابدار: juicy, succulent, hydrous, aqueous, watery, humid 0
_______________________
ابدار، شاداب، پرطراوت",[sound:TPO41/succulent.mp3]
T41,L,L1,stomate,/ˈstoʊmeɪt/ - noun,Small openings on the surface of plants that allow gases to pass in and out.,روزنه‌های هوایی,Most succulent plants have a waxy outer layer to protect moisture when their stomates are closed.,"روزنه دار
stomate
---
",[sound:TPO41/stomate.mp3]
T41,L,L2,commemorated,/kəˈmɛmɚˌeɪtɪd/ - verb,To honor or remember something or someone through a ceremony or event.,گرامی داشتن,The anniversary of Columbus's landing was commemorated for the first time in 1792.,"بزرگداشت
commemorated
---
commemorate
verb
نگاه داشتن, جشن گرفتن, بیادگار نگاه داشتن

نگاه داشتن: keep, hold, retain, save, withhold, preserve 0
جشن گرفتن: celebrate, feast, fete, commemorate 0
بیادگار نگاه داشتن: commemorate 0
_______________________
مجلس یاداوری، جشن گرفتن، بیادگار نگاه داشتن",[sound:TPO41/commemorated.mp3]
T41,L,L2,brainchild,/ˈbreɪnˌtʃaɪld/ - noun,An idea or invention that is the result of creative thinking.,فکر ابتکاری,The commemoration of Columbus was the brainchild of John Pintard.,"زاده فکر
brainchild
---
brainchild
noun
زاییده افکار

زاییده افکار: brainchild 80
_______________________
زاییده افکار، تصوری، خیالی",[sound:TPO41/brainchild.mp3]
T41,L,L2,patriotism,/ˈpeɪtriəˌtɪzəm/ - noun,The feeling of love and devotion to one's country.,میهن پرستی,Pintard saw the commemoration as a way to build patriotism in the young country.,"میهن پرستی
patriotism
---
patriotism
noun
میهن پرستی

میهن پرستی: patriotism 24
_______________________
میهن پرستی",[sound:TPO41/patriotism.mp3]
T41,L,L2,destined,/ˈdɛstɪnd/ - adjective,Determined or intended for a specific future purpose or fate.,مقدر شده,Columbus was portrayed as someone destined to accomplish great things.,"مقدر شده است
destined
---
destine
verb
مقدر کردن, سرنوشت معین کردن, قبلا انتخاب کردن

مقدر کردن: destine, ordain, predestinate, slate 9
سرنوشت معین کردن: destine 9
قبلا انتخاب کردن: destine 4
_______________________
عازم براه، مقصد معین",[sound:TPO41/destined.mp3]
T41,L,L2,commemoration,/kəˌmɛmɚˈeɪʃən/ - noun,A ceremony or event held to remember and honor a person or event.,بزرگداشت,The first commemoration of Columbus’s landing took place in New York in 1792.,"بزرگداشت
commemoration
---
commemoration
noun
یادبود, مجلس یاداوری, مجلس تذکر, مجلس یا جشن یادبود

یادبود: memorial, commemoration, memory, souvenir, token, reminiscence 22
مجلس یاداوری: commemoration 0
مجلس تذکر: commemoration 0
مجلس یا جشن یادبود: commemoration 0
_______________________
مجلس تذکر، مجلس یا جشن یادبود",[sound:TPO41/commemoration.mp3]
T41,L,L3,authorship,/ˈɔːθərʃɪp/ - noun,The origin or ownership of a piece of writing or art.,تألیف,Art historians are tasked with determining the authorship of works produced during the Renaissance.,"نویسندگی
authorship
---
authorship
noun
نویسندگی, تالیف و تصنیف, ابداع, ابتکار, احدای, ایجاد, اصل, اغاز

نویسندگی: writing, authorship 8
تالیف و تصنیف: authorship 0
ابداع: innovation, introduction, authorship, novation 0
ابتکار: initiative, invention, originality, imagination, improvisation, authorship 0
احدای: authorship, formation, introduction 0
ایجاد: creation, development, authorship 0
اصل: origin, principle, axiom, maxim, element, authorship 0
اغاز: beginning, start, getaway, commencement, inception, authorship 0
_______________________
تالیف و تصنیف، نویسندگی، احداث، ایجاد، ابداع، ابتکار، اصل، اغاز",[sound:TPO41/authorship.mp3]
T41,L,L3,you are sort of on the right track,/ju ɑr sɔrt əv ɒn ðə raɪt træk/ - phrase,You are partially correct or moving in the correct direction with your answer or thinking.,تقریبا درست است,You are sort of on the right track about artists signing their work during the Renaissance.,"شما به نوعی در مسیر درست هستید
you are sort of on the right track
---
",[sound:TPO41/you_are_sort_of_on_the_right_track.mp3]
T41,L,L3,apprentices,/əˈprɛntɪsɪz/ - noun,People who work for a skilled professional to learn a trade.,شاگرد,Renaissance artists often worked with apprentices to help complete large-scale projects.,"کارآموزان
apprentices
---
apprentice
noun
شاگرد, کاراموز, خلیفه

شاگرد: student, disciple, pupil, apprentice, prentice, protege 50
کاراموز: neophyte, trainee, apprentice, tiro, tyro 0
خلیفه: caliph, prelate, vicar, apprentice, vicegerant 0
_______________________
apprentice
verb
شاگردی کردن

شاگردی کردن: apprentice, prentice 0
_______________________
کارآموزیدوره کارآموزی، شاگردی، تلمذ، به هر نوع کارآموزی اطلاق می شود که ماجور نبوده یا اجرت آن از دو پوند در هفته تجاوز نکند،روانشناسی:کارآموزی",[sound:TPO41/apprentices.mp3]
T41,L,L3,quarried,/ˈkwɑrɪd/ - verb,Extracted (stone or other materials) from a quarry.,استخراج شده,Sculptors had to arrange for marble to be quarried before starting their work.,"استخراج شده
quarried
---
quarry
verb
اشکار کردن

اشکار کردن: unfold, reveal, air, announce, bare, disclose 0
_______________________
دارای کان های سنگ، سنگ دار، ازکان کنده شده",[sound:TPO41/quarried.mp3]
T41,L,L3,masons,/ˈmeɪsənz/ - noun,"Skilled workers who build with stone, brick, or concrete.",سنگ‌تراش,Masons were part of the collaborative process in Renaissance architecture.,"سنگ تراشی ها
masons
---
mason
noun
بناء, فراماسون, بنای سنگ کار, خانه ساز, عضو فراموش خانه

بناء: building, mason, base, establishment, masonry, structure 2
فراماسون: mason 0
بنای سنگ کار: mason 0
خانه ساز: builder, mason 0
عضو فراموش خانه: freemason, mason 0
_______________________
mason
verb
باسنگ ساختن, بناء کردن

باسنگ ساختن: mason 0
بناء کردن: build, construct, erect, ground, mason, put up 0
_______________________
",[sound:TPO41/masons.mp3]
T41,L,L3,to and fro,/tu ænd froʊ/ - phrase,Moving back and forth.,به جلو و عقب,Workers carried materials to and fro during the construction of buildings.,"به این سو و آن سو
to and fro
---
to and fro
adverb
پس وپیش

پس وپیش: to and fro 23
_______________________
",[sound:TPO41/to_and_fro.mp3]
T41,L,L3,customary,/ˈkʌstəmɛri/ - adjective,According to the usual practices or traditions.,مرسوم,It was not customary for Renaissance architects to give their assistants written instructions.,"مرسوم
customary
---
customary
adjective
مرسوم, معمول, عادی, ساده, عادتی

مرسوم: traditional, common, customary, usual, standard, prevalent 23
معمول: usual, normal, customary, made 1
عادی: ordinary, normal, common, regular, usual, customary 0
ساده: simple, easy, plain, naive, modest, customary 0
عادتی: habitual, customary 0
_______________________
متداول، مرسوم، عادی،قانون فقه:متعارف، عرف",[sound:TPO41/customary.mp3]
T41,L,L3,orally,/ˈɔːrəli/ - adverb,By spoken word rather than in writing.,به صورت شفاهی,Instructions for architectural projects were often given orally in the Renaissance.,"به صورت شفاهی
orally
---
زبانی، شفاها ً",[sound:TPO41/orally.mp3]
T41,L,L4,exoplanet,/ˈɛksoʊˌplænɪt/ - noun,A planet that orbits a star outside the solar system.,سیاره فراخورشیدی,Researchers have discovered hundreds of exoplanets orbiting stars outside our solar system.,"سیاره فراخورشیدی
exoplanet
---
",[sound:TPO41/exoplanet.mp3]
T41,L,L4,let alone,/lɛt əˈloʊn/ - phrase,Used to indicate that something is far less likely or even impossible compared to something else.,چه برسد به,"Gliese 581d was thought to be too far from its star to support liquid water, let alone life.","چه رسد به
let alone
---
بحال خود واگذاردن",[sound:TPO41/let_alone.mp3]
T41,L,L4,bode,/boʊd/ - verb,To be an omen or sign of a future event.,پیش بینی کردن,The discovery of Gliese 581e bodes well for future research on detecting small exoplanets.,"نوید دادن
bode
---
bode
verb
حاکی بودن از, دلالت داشتن, نشانه بودن, شگون داشتن, پیش گویی کردن

حاکی بودن از: hold out, bode, bespeak, betoken, signify, smell 7
دلالت داشتن: bode 2
نشانه بودن: bode 1
شگون داشتن: bode 1
پیش گویی کردن: forestall, auspicate, bode, forespeak, foretell, foretoken 1
_______________________
bode
noun
خبر رسان

خبر رسان: messenger, bode, herald, informer 1
_______________________
پیشگویی کردن، نشانه بودن (از)، حاکی بودن از، دلالت داشتن (بر)، شگون داشتن",[sound:TPO41/bode.mp3]
